-- phpMyAdmin SQL Dump
-- version 5.1.1
-- https://www.phpmyadmin.net/
--
-- 主機： 127.0.0.1
-- 產生時間： 2021-12-16 22:17:43
-- 伺服器版本： 10.4.22-MariaDB
-- PHP 版本： 8.0.13

SET SQL_MODE = "NO_AUTO_VALUE_ON_ZERO";
START TRANSACTION;
SET time_zone = "+00:00";


/*!40101 SET @OLD_CHARACTER_SET_CLIENT=@@CHARACTER_SET_CLIENT */;
/*!40101 SET @OLD_CHARACTER_SET_RESULTS=@@CHARACTER_SET_RESULTS */;
/*!40101 SET @OLD_COLLATION_CONNECTION=@@COLLATION_CONNECTION */;
/*!40101 SET NAMES utf8mb4 */;

--
-- 資料庫: `farm`
--

-- --------------------------------------------------------

--
-- 資料表結構 `image_list`
--

CREATE TABLE `image_list` (
  `i_id` int(10) NOT NULL,
  `p_id` int(10) NOT NULL,
  `i_name` varchar(100) NOT NULL
) ENGINE=InnoDB DEFAULT CHARSET=utf8mb4;

-- --------------------------------------------------------

--
-- 資料表結構 `member`
--

CREATE TABLE `member` (
  `m_location` varchar(10) NOT NULL,
  `m_phone` varchar(20) DEFAULT '09xxx',
  `m_introduction` varchar(1000) DEFAULT '請輸入敘述',
  `u_id` int(10) NOT NULL
) ENGINE=InnoDB DEFAULT CHARSET=utf8mb4;

--
-- 傾印資料表的資料 `member`
--

INSERT INTO `member` (`m_location`, `m_phone`, `m_introduction`, `u_id`) VALUES
('臺北市', '098158151', 'asdsad52s5s', 51),
('高雄市', '0900000', 'eeewee', 53),
('新竹市', '090545871', '安安', 55),
('高雄市', '0999999998', '自家鳳梨自產自銷', 56),
('高雄市', '0999999999', '燕巢芭樂世家', 57),
('臺中市', '0999999997', '料豐味美，滿足全天下人的味蕾', 59),
('基隆市', '', '', 63),
('新北市', '', '', 64),
('屏東縣', '0999999996', '屏東發大財', 65);

-- --------------------------------------------------------

--
-- 資料表結構 `product`
--

CREATE TABLE `product` (
  `p_id` int(10) NOT NULL,
  `u_id` int(10) NOT NULL,
  `p_unit` varchar(10) NOT NULL,
  `p_price` int(10) NOT NULL,
  `p_name` varchar(100) NOT NULL,
  `p_introduction` varchar(500) NOT NULL,
  `p_amount` int(10) NOT NULL,
  `p_city` varchar(11) NOT NULL,
  `p_first_image` varchar(500) NOT NULL
) ENGINE=InnoDB DEFAULT CHARSET=utf8mb4;

--
-- 傾印資料表的資料 `product`
--

INSERT INTO `product` (`p_id`, `u_id`, `p_unit`, `p_price`, `p_name`, `p_introduction`, `p_amount`, `p_city`, `p_first_image`) VALUES
(44, 55, '公斤', 39, '芹菜-白梗', '新鮮現摘的喔!\r\n要買要快喔!', 1, '高雄', '1639678336_32.jpg'),
(45, 55, '公斤', 30, '芹菜-青梗', '新鮮現摘的喔!\r\n要買要快喔!', 1, '高雄', '1639678367_93.jpg'),
(46, 55, '公斤', 13, '芽菜類-綠豆芽', '新鮮現摘的喔!\r\n要買要快喔!', 1, '高雄', '1639678430_79.jpg'),
(47, 55, '公斤', 114, '茭白筍-去殼', '', 1, '', '1639678455_21.jpg'),
(50, 57, '台斤', 268, '帝王芭樂', '來自屏東的好吃芭樂', 1, '屏東縣高樹鄉', '1639678676_71.jpg'),
(51, 55, '公斤', 48, ' 芹菜-芹菜管', '新鮮現摘的喔!\r\n要買要快喔!', 1, '高雄', '1639678729_31.jpg'),
(52, 55, '公斤', 59, ' 茭白筍-帶殼', '新鮮現摘的喔!\r\n要買要快喔!', 1, '高雄', '1639678760_50.jpg'),
(53, 55, '公斤', 16, '蕹菜-大葉 (空心菜)', '新鮮現摘的喔!\r\n要買要快喔!', 1, '高雄', '1639678794_81.jpg'),
(54, 55, '公斤', 74, '蘆筍-白蘆筍', '新鮮現摘的喔!\r\n要買要快喔!', 1, '高雄', '1639678851_68.jpg'),
(55, 55, '公斤', 93, ' 海菜-水蓮', '新鮮現摘的喔!\r\n要買要快喔!', 1, '高雄', '1639678879_95.jpg'),
(56, 57, '公斤', 130, '牛奶珍珠芭樂', '因果肉似牛奶而得名', 1, '高雄市燕巢區', '1639678955_86.jpg'),
(57, 55, '公斤', 41, ' 蓮藕', '新鮮現摘的喔!\r\n要買要快喔!', 1, '高雄市', '1639678965_28.jpg'),
(58, 55, '公斤', 30, '莧菜-白莧菜', '新鮮現摘的喔!\r\n要買要快喔!', 1, '高雄市', '1639678996_76.jpg'),
(59, 55, '公斤', 44, ' 蕹菜-小葉 (空心菜)', '新鮮現摘的喔!\r\n要買要快喔!', 1, '高雄市', '1639679026_29.jpg'),
(60, 55, '公斤', 44, '芹菜-西洋芹菜', '新鮮現摘的喔!\r\n要買要快喔!', 1, '高雄市', '1639679059_84.jpg'),
(61, 55, '公斤', 103, '菱角-熟菱角', '新鮮現摘的喔!\r\n要買要快喔!', 1, '高雄市', '1639679081_87.jpg'),
(62, 55, '公斤', 35, '莧菜-紅莧菜', '新鮮現摘的喔!\r\n要買要快喔!', 1, '高雄市', '1639679104_22.jpg'),
(63, 57, '台斤', 670, '珍珠芭樂', '如珍珠般圓潤飽滿', 1, '高雄燕巢', '1639679105_71.png'),
(64, 55, '公斤', 227, ' 蘆筍-蘆筍花', '新鮮現摘的喔!\r\n要買要快喔!', 1, '高雄市', '1639679132_48.jpg'),
(65, 55, '公斤', 312, '蘆筍-綠蘆筍', '新鮮現摘的喔!\r\n要買要快喔!', 1, '高雄市', '1639679223_80.jpg'),
(66, 55, '公斤', 30, '西洋菜', '新鮮現摘的喔!\r\n要買要快喔!', 1, '高雄市', '1639679245_23.jpg'),
(67, 55, '公斤', 111, '蓮藕-蓮子', '新鮮現摘的喔!\r\n要買要快喔!', 1, '高雄市', '1639679267_24.jpg'),
(68, 55, '公斤', 43, '芹菜-山芹菜', '新鮮現摘的喔!\r\n要買要快喔!', 1, '高雄市', '1639679286_15.jpg'),
(69, 57, '台斤', 150, '火龍果', '養顏美容聖品', 1, '台南', '1639679305_49.png'),
(70, 55, '公斤', 41, '海菜-海帶', '新鮮現摘的喔!\r\n要買要快喔!', 1, '高雄市', '1639679310_67.jpg'),
(71, 55, '公斤', 20, '海菜-龍鬚菜', '新鮮現摘的喔!\r\n要買要快喔!', 1, '高雄市', '1639679330_59.jpg'),
(72, 57, '台斤', 750, '火龍果_七斤', '整箱送到你家', 1, '台南', '1639679382_78.png'),
(73, 57, '台斤', 750, '火龍果_紅肉', '優良火龍果', 1, '屏東', '1639679467_53.png'),
(74, 55, '公斤', 37, '紅蔥頭', '新鮮現摘的喔!\r\n要買要快喔!', 1, '高雄市', '1639679475_77.jpg'),
(102, 60, '公斤', 65, '小番茄-聖女 (蕃茄)', '小番茄-聖女 (蕃茄)', 1, '高雄', '1639680670_44.jpg'),
(103, 59, '公斤', 160, '台中多汁水梨', '保證多汁好吃', 1, '台中東勢', '1639680732_47.jpg'),
(104, 60, '公斤', 28, '洋香瓜-光面綠肉 (哈密瓜)', '洋香瓜-光面綠肉 (哈密瓜)', 1, '新竹', '1639680764_77.jpg'),
(105, 60, '公斤', 46, '洋香瓜-網狀紅肉 (哈密瓜)', '賀價就低', 1, '苗栗', '1639680841_81.jpg'),
(106, 60, '公斤', 70, ' 柿子-甜柿', '甜好吃', 1, '新竹', '1639680874_99.jpg'),
(107, 60, '公斤', 203, '藍莓-進口藍莓', '高雄進口義大利產地\n甜好吃!!\n買三送一平均一盒170', 1, '高雄', '1639680959_68.jpg'),
(108, 61, '公斤', 42, '雜柑-金棗', '入口而回甘\n甜甜好吃', 1, '台東', '1639681071_38.jpg'),
(110, 61, '公斤', 19, '葡萄柚-紅肉', '好吃又可以做成飲料又好喝', 1, '屏東', '1639681107_31.jpg'),
(111, 61, '公斤', 13, '椰子', '吃了會甜甜的唷', 1, '墾丁', '1639681150_43.jpg'),
(112, 61, '公斤', 33, '佛利檬-佛利檬', '喝價喝價', 1, '高雄', '1639681180_21.jpg'),
(114, 61, '公斤', 87, '蘋果-富士(進口)', '(進口的哦)', 1, '苗栗進口', '1639681243_58.jpg'),
(116, 59, '公斤', 65, '玉米筍', '咬起來很清脆的玉米筍\n鮮嫩多汁', 1, '雲林縣', '1639681446_95.jpg'),
(117, 59, '台斤', 400, '玉米筍7台斤', '整箱的好吃玉米筍', 1, '彰化縣', '1639681515_15.jpg'),
(118, 62, '公斤', 70, '葡萄-巨峰', '又香又甜又大顆\n自種無毒無噴灑農藥', 1, '', '1639681518_37.jpg'),
(119, 62, '公斤', 82, '蘋果-惠', '新品種蘋果', 1, '南投', '1639681554_46.jpg'),
(121, 62, '公斤', 65, '蓮霧-子彈型', '新栽種的試看看好吃再回來買', 1, '台南', '1639681678_11.jpg'),
(122, 59, '台斤', 625, '清脆玉米筍(10台斤)', '新鮮現採玉米筍', 1, '南投縣', '1639681700_63.jpg'),
(125, 59, '台斤', 350, '玉米筍', '產地直銷', 1, '雲林', '1639681823_75.jpg'),
(126, 59, '台斤', 350, '玉米筍', '產地直銷', 1, '雲林', '1639681823_52.jpg'),
(128, 59, '斤', 600, '玉米筍', '整箱買回去煮', 1, '南投縣', '1639681868_56.jpg'),
(129, 63, '公克', 1000, '初音', '超可愛啦>.<', 1, '金門', '1639681886_45.jpg'),
(130, 59, '公斤', 65, '木瓜', '甜到會有糖尿病的木瓜', 1, '高雄市', '1639682131_31.jpg'),
(131, 59, '台斤', 350, '木瓜', '產地直銷，保證新鮮', 1, '台南市', '1639682181_47.jpg'),
(132, 59, '公斤', 550, '木瓜_網室紅肉', '果肉肥美', 1, '屏東市', '1639682246_100.jpg'),
(133, 59, '台斤', 321, '木瓜_一般紅肉', '好吃木瓜\n吃過保證還會想買', 1, '高雄市', '1639682317_65.jpg'),
(134, 59, '公斤', 555, '多肉木瓜', '美味可口\n肉多鮮甜\n', 1, '屏東', '1639682390_68.jpg'),
(135, 59, '台斤', 700, '日昇木瓜', '頂級木瓜', 1, '南投', '1639682474_60.jpg'),
(136, 59, '公斤', 650, '鮮紅可口蓮霧', '一口咬下\n絕對爆汁', 1, '高雄市', '1639682676_29.jpg'),
(137, 59, '公斤', 700, '蓮霧', '鮮甜多汁蓮霧好吃', 1, '高雄市', '1639682745_33.jpg'),
(138, 65, '公斤', 790, '屏東蓮霧_5公斤', '屏東產地直銷', 1, '屏東', '1639682909_72.jpg'),
(139, 65, '台斤', 550, '翠玉蓮霧', '綠色的外表下隱藏著鮮甜的果肉', 1, '屏東縣', '1639683117_15.jpg'),
(140, 65, '台斤', 250, '蓮霧', '價格親民，果肉鮮美', 1, '屏東縣', '1639683204_22.jpg'),
(141, 65, '公斤', 700, '大湖草莓', '草莓王國特產', 1, '苗栗', '1639683607_67.jpg'),
(142, 65, '公斤', 115, '洋蔥', '產地直運', 1, '屏東', '1639683658_79.jpg'),
(143, 65, '公斤', 115, '玉米筍', '當天出貨', 1, '台南', '1639683707_65.jpg'),
(144, 65, '台斤', 602, '火龍果_白肉', '', 1, '高雄市', '1639683764_69.png'),
(145, 65, '公斤', 639, '金鑽鳳梨', '泡過鹽水就不會咬舌頭囉', 1, '屏東', '1639683835_16.jpg'),
(146, 65, '公斤', 650, '紅心芭樂', '吃下去包您正中紅心', 1, '屏東縣', '1639684020_46.jpg'),
(147, 65, '台斤', 600, '草莓_4台斤', '整箱買回去吃最划算', 1, '苗栗', '1639684068_55.jpg'),
(148, 65, '公斤', 350, '旗山香蕉', '保證好吃', 1, '高雄旗山', '1639684197_58.jpg'),
(149, 65, '公斤', 650, '特大號香蕉', '補充維生素的好選擇\n', 1, '嘉義', '1639684415_29.jpg'),
(150, 65, '公斤', 600, '香蕉', '變黃熟成後風味更佳', 1, '屏東', '1639684476_85.jpg'),
(151, 65, '台斤', 450, '旗山香蕉(3斤)', '膳食纖維良好補充品', 1, '高雄旗山', '1639684550_46.jpg'),
(152, 65, '台斤', 350, '芭蕉', '超甜超好吃', 1, '高雄', '1639684653_84.jpg'),
(153, 65, '公斤', 435, '土鳳梨', '由紅土種植，長出來的鮮甜不咬舌', 1, '高雄', '1639684819_47.jpg'),
(154, 51, 'kg', 1000, 'rem', 'sss', 1, '靠北高雄', '1639686383_46.jpeg'),
(155, 51, 'kg', 10000, '初音超可i', '可愛啦 喔耶', 1, '天龍國', '1639687707_86.png'),
(156, 51, 'kg', 1000, 'fgo讚啦', 'abc', 1, '天隆高雄', '1639688688_79.png');

-- --------------------------------------------------------

--
-- 資料表結構 `user`
--

CREATE TABLE `user` (
  `u_id` int(10) NOT NULL,
  `u_password` varchar(300) NOT NULL,
  `u_name` varchar(100) NOT NULL,
  `u_mail` varchar(200) NOT NULL
) ENGINE=InnoDB DEFAULT CHARSET=utf8mb4;

--
-- 傾印資料表的資料 `user`
--

INSERT INTO `user` (`u_id`, `u_password`, `u_name`, `u_mail`) VALUES
(51, '202cb962ac59075b964b07152d234b70', 'test', 'test@asdf.asdf'),
(52, '202cb962ac59075b964b07152d234b70', 'test2', 'trestas@asda3wdsa.asd'),
(53, 'ee11cbb19052e40b07aac0ca060c23ee', 'user', 'user@gmail.com'),
(54, 'ee11cbb19052e40b07aac0ca060c23ee', '柴老大', 'ww1ww1@ddssa.com.tw'),
(55, 'ee11cbb19052e40b07aac0ca060c23ee', 'kenny', 'kenny@gmail.com'),
(56, '79885f4189b7e7b3426212ef967560b6', 'goodfood1', 'goodfood1@gmail.com'),
(57, '64fb22213be0311aaa53c76eef7d90e2', 'foodpanda001', 'foodpanda001@gmail.com'),
(58, 'ee11cbb19052e40b07aac0ca060c23ee', 'user1', 'user1@dsda.com'),
(59, '48ef71f8ed0323e3e39ee5b762591493', '保證多汁好吃02', 'goodfood002@gmail.com'),
(60, 'ee11cbb19052e40b07aac0ca060c23ee', '阿剛', 'ewe@ewe.com'),
(61, 'ee11cbb19052e40b07aac0ca060c23ee', '康康', 'ee@ee.com'),
(62, 'ee11cbb19052e40b07aac0ca060c23ee', '湯姆小農場', 'ewewe@gmail.com'),
(63, '81dc9bdb52d04dc20036dbd8313ed055', '幹你娘農場', '123@gmail.com'),
(64, 'ee11cbb19052e40b07aac0ca060c23ee', '瓜瓜農場', 'wwe@fma.com'),
(65, '1d76166145c6c955590e31d18dfec202', '在地小農', 'goodfood004@gmail.com');

--
-- 已傾印資料表的索引
--

--
-- 資料表索引 `image_list`
--
ALTER TABLE `image_list`
  ADD PRIMARY KEY (`i_id`),
  ADD KEY `image_f_p_id` (`p_id`);

--
-- 資料表索引 `member`
--
ALTER TABLE `member`
  ADD PRIMARY KEY (`u_id`);

--
-- 資料表索引 `product`
--
ALTER TABLE `product`
  ADD PRIMARY KEY (`p_id`),
  ADD KEY `product_f_u_id` (`u_id`);

--
-- 資料表索引 `user`
--
ALTER TABLE `user`
  ADD PRIMARY KEY (`u_id`);

--
-- 在傾印的資料表使用自動遞增(AUTO_INCREMENT)
--

--
-- 使用資料表自動遞增(AUTO_INCREMENT) `image_list`
--
ALTER TABLE `image_list`
  MODIFY `i_id` int(10) NOT NULL AUTO_INCREMENT, AUTO_INCREMENT=20;

--
-- 使用資料表自動遞增(AUTO_INCREMENT) `product`
--
ALTER TABLE `product`
  MODIFY `p_id` int(10) NOT NULL AUTO_INCREMENT, AUTO_INCREMENT=157;

--
-- 使用資料表自動遞增(AUTO_INCREMENT) `user`
--
ALTER TABLE `user`
  MODIFY `u_id` int(10) NOT NULL AUTO_INCREMENT, AUTO_INCREMENT=66;

--
-- 已傾印資料表的限制式
--

--
-- 資料表的限制式 `image_list`
--
ALTER TABLE `image_list`
  ADD CONSTRAINT `image_f_p_id` FOREIGN KEY (`p_id`) REFERENCES `product` (`p_id`) ON DELETE CASCADE ON UPDATE CASCADE;

--
-- 資料表的限制式 `member`
--
ALTER TABLE `member`
  ADD CONSTRAINT `memberf_u_id` FOREIGN KEY (`u_id`) REFERENCES `user` (`u_id`) ON DELETE CASCADE ON UPDATE CASCADE;

--
-- 資料表的限制式 `product`
--
ALTER TABLE `product`
  ADD CONSTRAINT `product_f_u_id` FOREIGN KEY (`u_id`) REFERENCES `user` (`u_id`) ON DELETE CASCADE ON UPDATE CASCADE;
COMMIT;

/*!40101 SET CHARACTER_SET_CLIENT=@OLD_CHARACTER_SET_CLIENT */;
/*!40101 SET CHARACTER_SET_RESULTS=@OLD_CHARACTER_SET_RESULTS */;
/*!40101 SET COLLATION_CONNECTION=@OLD_COLLATION_CONNECTION */;
